extracted_feature, gender_anova_Fval, gender_anova_Pval, call-rece_anova_Fval, call-rece_anova_Pval, O_anova_Fval, O_anova_Pval, E_anova_Fval, E_anova_Pval, N_anova_Fval, N_anova_Pval, A_anova_Fval, A_anova_Pval, C_anova_Fval, C_anova_Pval, ConfC_anova_Fval, ConfC_anova_Pval, ConfA_anova_Fval, ConfA_anova_Pval, ConfO_anova_Fval, ConfO_anova_Pval, ConfD_anova_Fval, ConfD_anova_Pval, ConfI_anova_Fval, ConfI_anova_Pval
F0semitoneFrom27.5Hz_sma3nz_amean, 2399.64305051, 0.0**, 5.68596387747, 0.0171686001153*, 58.2493425065, 2.4608324332e-14**, 58.2493425065, 2.4608324332e-14**, 58.2493425065, 2.4608324332e-14**, 58.2493425065, 2.4608324332e-14**, 58.2493425065, 2.4608324332e-14**, 87.1384724492, 2.02143460743e-20**, 38.0432002925, 7.93762187754e-10**, 7.00870815776, 0.00815774836177**, 9.36753070068, 0.00222997669143**, 61.950118349, 5.02424987959e-15**
F0semitoneFrom27.5Hz_sma3nz_stddevNorm, 2.29215911435, 0.130143929743, 1.27824251721, 0.258324729887, 1.49083239863, 0.222108292646, 1.49083239863, 0.222108292646, 1.49083239863, 0.222108292646, 1.49083239863, 0.222108292646, 1.49083239863, 0.222108292646, 0.00593613610313, 0.938592301813, 1.06220354079, 0.302803845262, 2.53988968588, 0.111117544372, 28.0937025465, 1.24749383461e-07**, 1.82809540437, 0.176463935585
F0semitoneFrom27.5Hz_sma3nz_percentile20.0, 2287.35239592, 0.0**, 3.89688082428, 0.0484758464375*, 60.2625154382, 8.88560596412e-15**, 60.2625154382, 8.88560596412e-15**, 60.2625154382, 8.88560596412e-15**, 60.2625154382, 8.88560596412e-15**, 60.2625154382, 8.88560596412e-15**, 80.7868091697, 4.56658809581e-19**, 33.6676555058, 7.28570846335e-09**, 5.65648780082, 0.0174588938868*, 3.84174288436, 0.0500924474932, 63.3562092386, 2.49993152335e-15**
F0semitoneFrom27.5Hz_sma3nz_percentile50.0, 2441.466881, 0.0**, 4.57430146279, 0.0325428888778*, 57.397519112, 3.78758032474e-14**, 57.397519112, 3.78758032474e-14**, 57.397519112, 3.78758032474e-14**, 57.397519112, 3.78758032474e-14**, 57.397519112, 3.78758032474e-14**, 89.818540013, 5.44016153137e-21**, 38.0178784982, 8.03988356121e-10**, 6.89639746671, 0.00868488905955**, 8.85512179757, 0.00294815909827**, 57.557107016, 4.46516602107e-14**
F0semitoneFrom27.5Hz_sma3nz_percentile80.0, 1963.68778792, 4.94065645841e-324**, 5.40618002673, 0.0201380585523*, 48.2982561948, 3.82566868732e-12**, 48.2982561948, 3.82566868732e-12**, 48.2982561948, 3.82566868732e-12**, 48.2982561948, 3.82566868732e-12**, 48.2982561948, 3.82566868732e-12**, 78.7592777682, 1.23787754073e-18**, 39.3858351769, 4.02819856905e-10**, 7.11639297024, 0.00768305723957**, 14.0257387362, 0.000184027857275**, 53.0180466319, 4.29472304418e-13**
F0semitoneFrom27.5Hz_sma3nz_pctlrange0-2, 1.35059214352, 0.245275545497, 0.975149961788, 0.323486080837, 0.594658754012, 0.440636493678, 0.594658754012, 0.440636493678, 0.594658754012, 0.440636493678, 0.594658754012, 0.440636493678, 0.594658754012, 0.440636493678, 0.730824897582, 0.392690460895, 2.87673704639, 0.0899812230273, 0.819397661336, 0.365435688878, 16.2781269859, 5.6183062746e-05**, 0.188719106473, 0.664018946271
F0semitoneFrom27.5Hz_sma3nz_meanRisingSlope, 10.271955043, 0.00136614981014**, 0.281105133229, 0.596020623268, 0.000211923252505, 0.988385349963, 0.000211923252505, 0.988385349963, 0.000211923252505, 0.988385349963, 0.000211923252505, 0.988385349963, 0.000211923252505, 0.988385349963, 1.79221545978, 0.180767200974, 3.2582956015, 0.0711723690657, 0.768268533655, 0.38082984225, 8.92205994593, 0.00284237170676**, 2.04524541995, 0.152796044493
F0semitoneFrom27.5Hz_sma3nz_stddevRisingSlope, 1.20238971691, 0.272940655712, 1.01671070724, 0.313389286109, 2.98170599374, 0.0842329315134, 2.98170599374, 0.0842329315134, 2.98170599374, 0.0842329315134, 2.98170599374, 0.0842329315134, 2.98170599374, 0.0842329315134, 5.08660134684, 0.024189763115*, 6.38905846429, 0.011538209822*, 0.763905468269, 0.382185446617, 4.8271165915, 0.0280986488437*, 0.314979006777, 0.574686580086
F0semitoneFrom27.5Hz_sma3nz_meanFallingSlope, 0.924696125395, 0.336329540814, 1.99545640727, 0.157884772028, 0.177155743087, 0.673835610037, 0.177155743087, 0.673835610037, 0.177155743087, 0.673835610037, 0.177155743087, 0.673835610037, 0.177155743087, 0.673835610037, 0.311272851776, 0.576945608425, 0.115909584931, 0.733539953271, 0.0281161387889, 0.866848410163, 5.80540253923, 0.0160423703194*, 0.551554207908, 0.457746818347
F0semitoneFrom27.5Hz_sma3nz_stddevFallingSlope, 0.019913304827, 0.887789824511, 0.0540463866056, 0.81618347321, 3.44703869886, 0.0633865788696, 3.44703869886, 0.0633865788696, 3.44703869886, 0.0633865788696, 3.44703869886, 0.0633865788696, 3.44703869886, 0.0633865788696, 0.0208552739551, 0.885184505936, 0.359854958776, 0.54863625838, 0.366272454618, 0.545093117469, 3.67383802117, 0.0553763729049, 1.76828964811, 0.183704255313
loudness_sma3_amean, 7.23829004913, 0.00717967592642**, 116.71650156, 1.12855593356e-26**, 2.3616123843, 0.12437661234, 2.3616123843, 0.12437661234, 2.3616123843, 0.12437661234, 2.3616123843, 0.12437661234, 2.3616123843, 0.12437661234, 9.56382708767, 0.00200441668693**, 0.64250683958, 0.422873793329, 19.6056069006, 9.89053259448e-06**, 12.8552319681, 0.000342398136562**, 106.55771913, 1.55246438925e-24**
loudness_sma3_stddevNorm, 15.2709654587, 9.53851266794e-05**, 2.27337843049, 0.131727668087, 20.0217226488, 7.71821887223e-06**, 20.0217226488, 7.71821887223e-06**, 20.0217226488, 7.71821887223e-06**, 20.0217226488, 7.71821887223e-06**, 20.0217226488, 7.71821887223e-06**, 9.85936089276, 0.00170764347237**, 2.66927242548, 0.102417332523, 48.4057083938, 4.31556013841e-12**, 11.7311540827, 0.00062364008265**, 3.50795905768, 0.0611807364547
loudness_sma3_percentile20.0, 1.56758872454, 0.210664088004, 67.840475007, 2.70895965811e-16**, 6.8924962262, 0.00866541323181**, 6.8924962262, 0.00866541323181**, 6.8924962262, 0.00866541323181**, 6.8924962262, 0.00866541323181**, 6.8924962262, 0.00866541323181**, 1.84016052239, 0.175043565817, 1.75587101709, 0.185250528186, 39.9925698347, 2.96560184658e-10**, 2.01327076732, 0.15604224116, 63.7816357754, 2.02422458926e-15**
loudness_sma3_percentile50.0, 0.412711484365, 0.520650052612, 127.359589801, 6.63482575791e-29**, 1.62257714159, 0.202754350109, 1.62257714159, 0.202754350109, 1.62257714159, 0.202754350109, 1.62257714159, 0.202754350109, 1.62257714159, 0.202754350109, 6.97151877431, 0.00832857184565**, 1.53526601288, 0.215429644917, 20.3937240373, 6.5692959196e-06**, 4.44707145601, 0.0350514162797*, 96.1898025668, 2.41718296634e-22**
loudness_sma3_percentile80.0, 22.1046377797, 2.70922176776e-06**, 112.690469147, 7.92365346785e-26**, 0.728132062215, 0.393504197007, 0.728132062215, 0.393504197007, 0.728132062215, 0.393504197007, 0.728132062215, 0.393504197007, 0.728132062215, 0.393504197007, 16.1412900914, 6.03657129553e-05**, 0.00149102283024, 0.96920113262, 7.31482821127, 0.00688096572535**, 25.4232990599, 4.90246916466e-07**, 115.326293134, 2.21119695473e-26**
loudness_sma3_pctlrange0-2, 27.6555074204, 1.56100923205e-07**, 40.5715660973, 2.214441298e-10**, 2.01542517949, 0.155730319926, 2.01542517949, 0.155730319926, 2.01542517949, 0.155730319926, 2.01542517949, 0.155730319926, 2.01542517949, 0.155730319926, 17.700498293, 2.66841010129e-05**, 1.5841334434, 0.208273223348, 6.18233242847, 0.0129621736671*, 30.9501602356, 2.90259200253e-08**, 45.9499624502, 1.47902337372e-11**
loudness_sma3_meanRisingSlope, 19.4302047724, 1.08346491974e-05**, 0.0388000337043, 0.843859914297, 12.4936619474, 0.000409676546179**, 12.4936619474, 0.000409676546179**, 12.4936619474, 0.000409676546179**, 12.4936619474, 0.000409676546179**, 12.4936619474, 0.000409676546179**, 32.6892107672, 1.19782574046e-08**, 0.0412124911796, 0.839143340907, 14.3858875834, 0.000152122393524**, 15.3272156261, 9.26020156472e-05**, 0.0190167703382, 0.890328521134
loudness_sma3_stddevRisingSlope, 49.9319148622, 2.00945646606e-12**, 2.03328095235, 0.154001668289, 0.163937238451, 0.685563464771, 0.163937238451, 0.685563464771, 0.163937238451, 0.685563464771, 0.163937238451, 0.685563464771, 0.163937238451, 0.685563464771, 32.160703067, 1.5672089065e-08**, 3.06719022196, 0.0799989966609, 21.487453937, 3.72773276832e-06**, 16.4230264673, 5.20713042202e-05**, 0.196866197933, 0.657297272858
loudness_sma3_meanFallingSlope, 0.430072583001, 0.512008235313, 9.61720619904, 0.00194718300535**, 12.3219481239, 0.000449096470922**, 12.3219481239, 0.000449096470922**, 12.3219481239, 0.000449096470922**, 12.3219481239, 0.000449096470922**, 12.3219481239, 0.000449096470922**, 2.04054399511, 0.153268511866, 3.65099974529, 0.0561395233426, 6.52864422991, 0.0106685095595*, 17.0390382721, 3.77092303346e-05**, 3.75420589629, 0.0527771491353
loudness_sma3_stddevFallingSlope, 14.7203982444, 0.000127496229161**, 0.540169302273, 0.462425285281, 7.32013167263, 0.00682704792068**, 7.32013167263, 0.00682704792068**, 7.32013167263, 0.00682704792068**, 7.32013167263, 0.00682704792068**, 7.32013167263, 0.00682704792068**, 18.2522478174, 2.00073765861e-05**, 12.8005792893, 0.00035249870192**, 6.28440489193, 0.0122377952576*, 7.40641065234, 0.0065401705014**, 7.91770538582, 0.00493015390678**
jitterLocal_sma3nz_amean, 9.12913316076, 0.00253890183002**, 1.01795520906, 0.313093359486, 6.5488812986, 0.0105056203895*, 6.5488812986, 0.0105056203895*, 6.5488812986, 0.0105056203895*, 6.5488812986, 0.0105056203895*, 6.5488812986, 0.0105056203895*, 0.040427240532, 0.840662422681, 0.121915818071, 0.726992600241, 0.459906868546, 0.497724600253, 16.7588400835, 4.36679189664e-05**, 3.82996052596, 0.0504452293576
jitterLocal_sma3nz_stddevNorm, 204.307149437, 9.27392635153e-45**, 8.99110646832, 0.00273729003816**, 67.2951205028, 2.54372544208e-16**, 67.2951205028, 2.54372544208e-16**, 67.2951205028, 2.54372544208e-16**, 67.2951205028, 2.54372544208e-16**, 67.2951205028, 2.54372544208e-16**, 5.56285735917, 0.0184150971112*, 5.28570462809, 0.0215758727169*, 4.72475361715, 0.0298165555423*, 0.681567991459, 0.409118977752, 18.9934746292, 1.35981002114e-05**
shimmerLocaldB_sma3nz_amean, 0.288325392264, 0.59133913269, 1.72202189855, 0.189542587675, 11.9903824991, 0.000536385233636**, 11.9903824991, 0.000536385233636**, 11.9903824991, 0.000536385233636**, 11.9903824991, 0.000536385233636**, 11.9903824991, 0.000536385233636**, 0.00906074607185, 0.924172480256, 0.368093558797, 0.544095398964, 10.6468679852, 0.00111607389478**, 7.005460664, 0.00817252123084**, 1.3085051363, 0.252765119584
shimmerLocaldB_sma3nz_stddevNorm, 102.43397428, 1.15286383056e-23**, 21.883885033, 3.03667385819e-06**, 16.127661594, 5.95275149862e-05**, 16.127661594, 5.95275149862e-05**, 16.127661594, 5.95275149862e-05**, 16.127661594, 5.95275149862e-05**, 16.127661594, 5.95275149862e-05**, 0.0572984586861, 0.810835793831, 7.0717129466, 0.00787648548258**, 0.884326037045, 0.347102197076, 0.0569403644812, 0.811416650303, 0.24204307169, 0.622773676698
HNRdBACF_sma3nz_amean, 2149.13165462, 0.0**, 0.462507386182, 0.496511755942, 99.8425255936, 1.98343465466e-23**, 99.8425255936, 1.98343465466e-23**, 99.8425255936, 1.98343465466e-23**, 99.8425255936, 1.98343465466e-23**, 99.8425255936, 1.98343465466e-23**, 37.4335902515, 1.08035740515e-09**, 42.8566685535, 7.0027981191e-11**, 0.0146598103159, 0.903638341228, 1.36169410192e-06, 0.999069020281, 67.1831858818, 3.75071171258e-16**
HNRdBACF_sma3nz_stddevNorm, 13.563257301, 0.000235101210201**, 1.62915901985, 0.201927265438, 6.73168121117, 0.00948158193014**, 6.73168121117, 0.00948158193014**, 6.73168121117, 0.00948158193014**, 6.73168121117, 0.00948158193014**, 6.73168121117, 0.00948158193014**, 2.06572839147, 0.150756785319, 0.3139949071, 0.575284712824, 2.9367624358, 0.0866968964018, 0.415003807116, 0.519494399736, 0.669143664905, 0.413421245659
logRelF0-H1-H2_sma3nz_amean, 12.7677289088, 0.000358714062876**, 2.22415931185, 0.135981372329, 118.488380318, 1.75462823728e-27**, 118.488380318, 1.75462823728e-27**, 118.488380318, 1.75462823728e-27**, 118.488380318, 1.75462823728e-27**, 118.488380318, 1.75462823728e-27**, 23.0626848143, 1.65212287086e-06**, 21.6136106245, 3.49220121016e-06**, 1.08785648742, 0.297038375745, 0.286823516366, 0.592306662708, 11.5053401518, 0.000703781403037**
logRelF0-H1-H2_sma3nz_stddevNorm, 0.00033902976598, 0.9853109091, 0.708190390654, 0.400118438503, 0.188271456183, 0.664365988739, 0.188271456183, 0.664365988739, 0.188271456183, 0.664365988739, 0.188271456183, 0.664365988739, 0.188271456183, 0.664365988739, 0.31324473201, 0.57574149481, 1.69542251554, 0.192996828712, 3.7985860177, 0.0513975067075, 0.20645825614, 0.649593550621, 1.54180854459e-05, 0.99686732993
logRelF0-H1-A3_sma3nz_amean, 39.1974734668, 4.4301209091e-10**, 79.236466291, 9.78834599714e-19**, 79.5565005797, 5.27070635275e-19**, 79.5565005797, 5.27070635275e-19**, 79.5565005797, 5.27070635275e-19**, 79.5565005797, 5.27070635275e-19**, 79.5565005797, 5.27070635275e-19**, 28.5650659473, 9.80325208055e-08**, 13.0900176321, 0.000302223294653**, 0.00252704437867, 0.959911109523, 6.32158944019, 0.0119843643894*, 0.0846018029248, 0.771177368729
logRelF0-H1-A3_sma3nz_stddevNorm, 0.215253820534, 0.642717060465, 0.0428609445807, 0.836002666667, 0.393160984561, 0.530652928736, 0.393160984561, 0.530652928736, 0.393160984561, 0.530652928736, 0.393160984561, 0.530652928736, 0.393160984561, 0.530652928736, 1.29927755653, 0.254444569482, 0.362790193372, 0.547010397497, 0.634613370716, 0.425736948554, 1.90338931147, 0.167811685162, 1.09036518762, 0.296482155455
F1frequency_sma3nz_amean, 313.040694843, 1.9998052527e-66**, 0.0308933554373, 0.860491472625, 11.5553202127, 0.000677475545422**, 11.5553202127, 0.000677475545422**, 11.5553202127, 0.000677475545422**, 11.5553202127, 0.000677475545422**, 11.5553202127, 0.000677475545422**, 8.67481409558, 0.00325347119598**, 6.12751017377, 0.0133692911674*, 0.603798924201, 0.437199107059, 0.197204626971, 0.657021681023, 0.178687768251, 0.672536459271
F1frequency_sma3nz_stddevNorm, 3.50136618111, 0.0614244070057, 16.9956870221, 3.85746292607e-05**, 29.9403535032, 4.53340939285e-08**, 29.9403535032, 4.53340939285e-08**, 29.9403535032, 4.53340939285e-08**, 29.9403535032, 4.53340939285e-08**, 29.9403535032, 4.53340939285e-08**, 2.49775769874, 0.114123605219, 9.48145961586, 0.00209610059836**, 16.514620571, 4.96297540674e-05**, 4.36704559747, 0.0367321967779*, 0.14681970073, 0.70162292094
F1bandwidth_sma3nz_amean, 41.721108556, 1.2405473323e-10**, 5.55965946217, 0.01844869546*, 14.4771576786, 0.000142484168745**, 14.4771576786, 0.000142484168745**, 14.4771576786, 0.000142484168745**, 14.4771576786, 0.000142484168745**, 14.4771576786, 0.000142484168745**, 12.2955824655, 0.00046130436353**, 1.22177685108, 0.26910898967, 8.15554868211, 0.004325180755**, 0.101884240606, 0.749604343309, 0.00335898928343, 0.953787262569
F1bandwidth_sma3nz_stddevNorm, 4.31048971422, 0.0379708152351*, 0.00207064097596, 0.963708656866, 10.1834626747, 0.00142024335461**, 10.1834626747, 0.00142024335461**, 10.1834626747, 0.00142024335461**, 10.1834626747, 0.00142024335461**, 10.1834626747, 0.00142024335461**, 1.50010790308, 0.2207597376, 3.46907184403, 0.0626330250352, 3.37757110433, 0.0661972773757, 0.033809427209, 0.854126339044, 0.345939068537, 0.556469308986
F1amplitudeLogRelF0_sma3nz_amean, 0.79974602431, 0.37124763112, 1.0311369848, 0.309981166993, 0.00513031427657, 0.942900421188, 0.00513031427657, 0.942900421188, 0.00513031427657, 0.942900421188, 0.00513031427657, 0.942900421188, 0.00513031427657, 0.942900421188, 0.832098411623, 0.361746468039, 0.731799056688, 0.392375243544, 0.628245342493, 0.428068086714, 0.851873230159, 0.356103979105, 1.80365328677, 0.179382365728
F1amplitudeLogRelF0_sma3nz_stddevNorm, 0.250774687423, 0.616570229313, 0.754507333852, 0.38512877704, 1.27623996376, 0.258619032632, 1.27623996376, 0.258619032632, 1.27623996376, 0.258619032632, 1.27623996376, 0.258619032632, 1.27623996376, 0.258619032632, 0.530914111762, 0.466284889477, 0.411205641436, 0.521411679368, 2.80666895093, 0.0939868825234, 0.144207119578, 0.704163221881, 0.0689303069634, 0.792920345734
F2frequency_sma3nz_amean, 615.658371592, 8.3154783317e-123**, 3.68213406947, 0.0551018893217, 55.7742676748, 8.61792561048e-14**, 55.7742676748, 8.61792561048e-14**, 55.7742676748, 8.61792561048e-14**, 55.7742676748, 8.61792561048e-14**, 55.7742676748, 8.61792561048e-14**, 15.3837937051, 8.98851435367e-05**, 8.97342702204, 0.0027638144484**, 1.74571321498, 0.186526548375, 0.0970308626437, 0.75544586458, 7.1335338269, 0.00761014719292**
F2frequency_sma3nz_stddevNorm, 12.8727143435, 0.0003392292077**, 57.2123250306, 5.3016455301e-14**, 13.0263327189, 0.000308232530436**, 13.0263327189, 0.000308232530436**, 13.0263327189, 0.000308232530436**, 13.0263327189, 0.000308232530436**, 13.0263327189, 0.000308232530436**, 1.31500948056, 0.251589496788, 35.0858672035, 3.54752238171e-09**, 28.0480756941, 1.27694974215e-07**, 1.2672545494, 0.260380661421, 0.693110687131, 0.4051806768
F2amplitudeLogRelF0_sma3nz_amean, 72.0404062907, 3.39674801437e-17**, 14.3038780122, 0.000158858999253**, 92.7223086292, 7.05402000111e-22**, 92.7223086292, 7.05402000111e-22**, 92.7223086292, 7.05402000111e-22**, 92.7223086292, 7.05402000111e-22**, 92.7223086292, 7.05402000111e-22**, 22.4483740427, 2.26844767374e-06**, 8.66218780471, 0.00327601945196**, 67.4089402692, 3.35407440806e-16**, 1.26788814398, 0.260261562038, 54.9767200388, 1.61567138578e-13**
F2amplitudeLogRelF0_sma3nz_stddevNorm, 2.41919431983, 0.119971713372, 7.74938515509, 0.00540984677936**, 0.429906630435, 0.512045738584, 0.429906630435, 0.512045738584, 0.429906630435, 0.512045738584, 0.429906630435, 0.512045738584, 0.429906630435, 0.512045738584, 1.41193170759, 0.234838665645, 4.57660957087, 0.0324991540935*, 4.63715871875, 0.0313735057847*, 0.999426619543, 0.31753730907, 0.385464987059, 0.534744371995
F3frequency_sma3nz_amean, 319.851386759, 9.34590174999e-68**, 0.19410430764, 0.659557021094, 19.4946727315, 1.01650253632e-05**, 19.4946727315, 1.01650253632e-05**, 19.4946727315, 1.01650253632e-05**, 19.4946727315, 1.01650253632e-05**, 19.4946727315, 1.01650253632e-05**, 11.2390918904, 0.000811768143124**, 13.9069794586, 0.000195964809032**, 0.156809946858, 0.692141409002, 0.756721739049, 0.384432373556, 2.58411877073, 0.10805534787
F3frequency_sma3nz_stddevNorm, 117.380695224, 8.18513547322e-27**, 10.0294605866, 0.00155744795986**, 21.2676207862, 4.03023130411e-06**, 21.2676207862, 4.03023130411e-06**, 21.2676207862, 4.03023130411e-06**, 21.2676207862, 4.03023130411e-06**, 21.2676207862, 4.03023130411e-06**, 9.64104814236, 0.00192215773393**, 18.9693092039, 1.37702166016e-05**, 1.74177839833, 0.187023582761, 5.2778836368, 0.0216728117889*, 0.682154537815, 0.408917500924
F3amplitudeLogRelF0_sma3nz_amean, 100.908095659, 2.42313909223e-23**, 11.0920071275, 0.000878460925659**, 99.7233342119, 2.10555232057e-23**, 99.7233342119, 2.10555232057e-23**, 99.7233342119, 2.10555232057e-23**, 99.7233342119, 2.10555232057e-23**, 99.7233342119, 2.10555232057e-23**, 16.5870970176, 4.77796918943e-05**, 10.3431498227, 0.00131464040264**, 55.1835134464, 1.45733284012e-13**, 0.984617001931, 0.321148957821, 41.2070994912, 1.60733110706e-10**
F3amplitudeLogRelF0_sma3nz_stddevNorm, 9.35446446226, 0.00224587541048**, 22.2095575468, 2.56625927054e-06**, 3.35761141171, 0.0669166487846, 3.35761141171, 0.0669166487846, 3.35761141171, 0.0669166487846, 3.35761141171, 0.0669166487846, 3.35761141171, 0.0669166487846, 0.27695360315, 0.598747390077, 0.295481567321, 0.586773130468, 1.07975015071, 0.29884487353, 0.577186466712, 0.447482422642, 0.0992461017434, 0.752760142863
alphaRatioV_sma3nz_amean, 50.2226433918, 1.73734220677e-12**, 96.194530209, 2.41161263369e-22**, 0.00849695028641, 0.926557242154, 0.00849695028641, 0.926557242154, 0.00849695028641, 0.926557242154, 0.00849695028641, 0.926557242154, 0.00849695028641, 0.926557242154, 8.60315719201, 0.00338356472719**, 32.1063477757, 1.61115271038e-08**, 0.271574074136, 0.602319810036, 7.05724650066, 0.00794017562651**, 4.07138311477, 0.0437125656232*
alphaRatioV_sma3nz_stddevNorm, 0.856272395487, 0.354865194429, 0.117989054416, 0.731252116794, 1.28340273039, 0.257287069016, 1.28340273039, 0.257287069016, 1.28340273039, 0.257287069016, 1.28340273039, 0.257287069016, 1.28340273039, 0.257287069016, 1.90910503625, 0.167175022629, 0.344689067771, 0.557183258256, 0.0581689342294, 0.809431769895, 0.00609433257349, 0.937781072137, 1.63076377071, 0.201705331307
hammarbergIndexV_sma3nz_amean, 0.0451910035454, 0.831668968854, 28.781045842, 8.77878272207e-08**, 4.57876794451, 0.0323880330991*, 4.57876794451, 0.0323880330991*, 4.57876794451, 0.0323880330991*, 4.57876794451, 0.0323880330991*, 4.57876794451, 0.0323880330991*, 39.5474313234, 3.71262609264e-10**, 17.6402565219, 2.75371660453e-05**, 9.1578909769, 0.00249944149654**, 8.65378027904, 0.00329112184749**, 2.91626059364, 0.0878038140177
hammarbergIndexV_sma3nz_stddevNorm, 101.852648298, 1.52987477529e-23**, 0.759072146673, 0.383695154646, 0.424633209911, 0.514645062513, 0.424633209911, 0.514645062513, 0.424633209911, 0.514645062513, 0.424633209911, 0.514645062513, 0.424633209911, 0.514645062513, 52.192845851, 6.486093274e-13**, 10.2713717609, 0.00136658015196**, 7.19384077294, 0.00735920405547**, 2.38362075326, 0.122728210296, 0.112367368353, 0.737490438076
slopeV0-500_sma3nz_amean, 1012.51275748, 1.93376430567e-189**, 48.2322380564, 4.70751437476e-12**, 34.0490872679, 5.49492694768e-09**, 34.0490872679, 5.49492694768e-09**, 34.0490872679, 5.49492694768e-09**, 34.0490872679, 5.49492694768e-09**, 34.0490872679, 5.49492694768e-09**, 23.623239571, 1.23750412378e-06**, 8.55299926337, 0.00347776410392**, 5.71634508938, 0.0168746032634*, 8.40051614078, 0.00378085375726**, 3.52042248056, 0.0607229007452
slopeV0-500_sma3nz_stddevNorm, 1.17663106191, 0.27813806654, 0.743836124392, 0.388510052562, 0.166703914533, 0.683064270707, 0.166703914533, 0.683064270707, 0.166703914533, 0.683064270707, 0.166703914533, 0.683064270707, 0.166703914533, 0.683064270707, 0.666837285426, 0.414227234454, 0.402413906986, 0.525898044442, 2.02539760715, 0.15480194732, 0.579282425234, 0.446659029902, 1.48003608136, 0.223873356179
slopeV500-1500_sma3nz_amean, 44.1049415349, 3.7372799845e-11**, 3.38846223848, 0.065761901357, 46.413892202, 9.97166610066e-12**, 46.413892202, 9.97166610066e-12**, 46.413892202, 9.97166610066e-12**, 46.413892202, 9.97166610066e-12**, 46.413892202, 9.97166610066e-12**, 0.313393644858, 0.575650764591, 0.26365487755, 0.607661529891, 1.76696809707, 0.183868090436, 10.7527546945, 0.00105422692955**, 1.10565846053, 0.29312010876
slopeV500-1500_sma3nz_stddevNorm, 0.0146235468561, 0.903757017501, 1.47428409086, 0.224775308834, 0.389371869385, 0.532640112162, 0.389371869385, 0.532640112162, 0.389371869385, 0.532640112162, 0.389371869385, 0.532640112162, 0.389371869385, 0.532640112162, 1.97155929445, 0.1603954535, 0.000268054257884, 0.986938516758, 0.910587515791, 0.340042512338, 2.12436069797, 0.145087522036, 0.893587543123, 0.344590073218
alphaRatioUV_sma3nz_amean, 62.941092548, 3.071836312e-15**, 4.65459061979, 0.0310570377325*, 1.47961075295, 0.223856316688, 1.47961075295, 0.223856316688, 1.47961075295, 0.223856316688, 1.47961075295, 0.223856316688, 1.47961075295, 0.223856316688, 14.4440929489, 0.00014751650167**, 1.1415302037, 0.28542306461, 0.339989855149, 0.559882923537, 1.23583854404, 0.26637182646, 1.77055869884, 0.183423351814
hammarbergIndexUV_sma3nz_amean, 139.738041631, 1.7359509573e-31**, 0.0524710805592, 0.818834922357, 5.4587373173, 0.0194850020858*, 5.4587373173, 0.0194850020858*, 5.4587373173, 0.0194850020858*, 5.4587373173, 0.0194850020858*, 5.4587373173, 0.0194850020858*, 10.7151117658, 0.00107580597031**, 0.00876937286834, 0.925398044398, 0.111383835814, 0.738599589659, 1.69778404539, 0.192687200261, 0.36281087202, 0.546998975182
slopeUV0-500_sma3nz_amean, 61.7594012993, 5.52341883053e-15**, 3.38220890246, 0.0660115048141, 0.0892211645178, 0.76517414279, 0.0892211645178, 0.76517414279, 0.0892211645178, 0.76517414279, 0.0892211645178, 0.76517414279, 0.0892211645178, 0.76517414279, 14.8555853645, 0.000118721822138**, 0.515787412462, 0.472705257542, 4.63123011621, 0.0314819022583*, 6.89642072128, 0.00868477637542**, 9.7873538891, 0.00177557289383**
slopeUV500-1500_sma3nz_amean, 7.40053160949, 0.00656152030318**, 0.903986286782, 0.341798697777, 0.813617947446, 0.367068562837, 0.813617947446, 0.367068562837, 0.813617947446, 0.367068562837, 0.813617947446, 0.367068562837, 0.813617947446, 0.367068562837, 0.160580222903, 0.688654033135, 0.285989237277, 0.592845526457, 3.34087078814, 0.0676872114331, 0.474032208624, 0.491196107098, 0.33646632724, 0.561923617093
loudnessPeaksPerSec, 121.256749884, 1.25813865862e-27**, 10.2495918499, 0.00138274791719**, 6.96852109153, 0.00830496781767**, 6.96852109153, 0.00830496781767**, 6.96852109153, 0.00830496781767**, 6.96852109153, 0.00830496781767**, 6.96852109153, 0.00830496781767**, 1.00333586037, 0.316592863373, 33.3187672112, 8.69833343124e-09**, 0.928582448784, 0.335316333923, 3.13107074716, 0.0769241601902, 57.5305536013, 4.52460094632e-14**
VoicedSegmentsPerSec, 13.8269724493, 0.000204443806216**, 17.3586020522, 3.19042463328e-05**, 40.5306010963, 1.99709056832e-10**, 40.5306010963, 1.99709056832e-10**, 40.5306010963, 1.99709056832e-10**, 40.5306010963, 1.99709056832e-10**, 40.5306010963, 1.99709056832e-10**, 4.48123441664, 0.034358596118*, 0.0563231373079, 0.812422389779, 8.57897392685, 0.003428653807**, 14.7696905225, 0.000124223645871**, 13.4455246868, 0.000250246529096**
MeanVoicedSegmentLengthSec, 99.776496577, 4.20495773661e-23**, 22.32209837, 2.42131859522e-06**, 115.893034168, 6.42219913559e-27**, 115.893034168, 6.42219913559e-27**, 115.893034168, 6.42219913559e-27**, 115.893034168, 6.42219913559e-27**, 115.893034168, 6.42219913559e-27**, 3.54342612453, 0.0598874290611, 4.06883188193, 0.0437785342787*, 33.5171359172, 7.86452398816e-09**, 7.76742115808, 0.00535624585136**, 63.887303146, 1.92084975868e-15**
StddevVoicedSegmentLengthSec, 0.021298000327, 0.883980765136, 0.184556053236, 0.667520408437, 0.0142021646014, 0.905140169011, 0.0142021646014, 0.905140169011, 0.0142021646014, 0.905140169011, 0.0142021646014, 0.905140169011, 0.0142021646014, 0.905140169011, 0.358945198005, 0.549142016377, 0.0869965941615, 0.768052942627, 0.0899852291313, 0.764218623194, 10.1813797461, 0.00143464832412**, 1.30401546022, 0.253580545428
MeanUnvoicedSegmentLength, 20.000719563, 8.05544700909e-06**, 0.235141960828, 0.627775728884, 13.8574522278, 0.000197999965995**, 13.8574522278, 0.000197999965995**, 13.8574522278, 0.000197999965995**, 13.8574522278, 0.000197999965995**, 13.8574522278, 0.000197999965995**, 12.1528401768, 0.000497812541445**, 10.1158027727, 0.00148640459979**, 13.7172938502, 0.000216671857331**, 0.568792702723, 0.450803682676, 6.99658861303, 0.00821302000087**
StddevUnvoicedSegmentLength, 8.15823529184, 0.00431879744056**, 2.51552289717, 0.112845290032, 1.46434558497, 0.226260761878, 1.46434558497, 0.226260761878, 1.46434558497, 0.226260761878, 1.46434558497, 0.226260761878, 1.46434558497, 0.226260761878, 4.73627976782, 0.029617766476*, 2.29197323906, 0.130159499764, 11.5807838663, 0.000675909981404**, 0.0162383091504, 0.898609694145, 2.74665492492, 0.0975722757955
